[{"id":"user-image--min.jpg","publicUrl":"np://user.desktop.nicepage.com/Site_49606592/images/-min.jpg","size":99798,"hash":"nMCTKtJMCI8CcBbtRttVWpJ+YBQ=","fileName":"-min.jpg","name":"-min","width":1782,"height":1080,"thumbnail":{"url":"np://user.desktop.nicepage.com/Site_49606592/images/thumbnails/-min.jpg","width":250,"height":152},"usages":["3113362"]},{"id":"user-image-2830191.png","publicUrl":"np://user.desktop.nicepage.com/Site_49606592/images/2830191.png","size":2908,"hash":"BOIoQoF6CLz/hovkXa3DlcwWaLA=","fileName":"2830191.png","name":"2830191","width":128,"height":128,"thumbnail":{"url":"np://user.desktop.nicepage.com/Site_49606592/images/thumbnails/2830191.png","width":128,"height":128,"length":2908,"type":"png"},"usages":["3113362"]},{"id":"user-image-4408137.png","publicUrl":"np://user.desktop.nicepage.com/Site_49606592/images/4408137.png","size":5162,"hash":"ZMnZCHD3tbuA6HTCxwR+l2tjdNI=","fileName":"4408137.png","name":"4408137","width":128,"height":128,"thumbnail":{"url":"np://user.desktop.nicepage.com/Site_49606592/images/thumbnails/4408137.png","width":128,"height":128,"length":5162,"type":"png"},"usages":["3113362"]},{"id":"user-image-4318376.png","publicUrl":"np://user.desktop.nicepage.com/Site_49606592/images/4318376.png","size":4553,"hash":"B1iIDksmbwKAsTOLafCRJpM40o4=","fileName":"4318376.png","name":"4318376","width":128,"height":128,"thumbnail":{"url":"np://user.desktop.nicepage.com/Site_49606592/images/thumbnails/4318376.png","width":128,"height":128,"length":4553,"type":"png"},"usages":["3113362"]},{"id":"user-image-1797588.png","publicUrl":"np://user.desktop.nicepage.com/Site_49606592/images/1797588.png","size":6158,"hash":"dFwNfLBd4N8e6IJksUa8B65T+u4=","fileName":"1797588.png","name":"1797588","width":128,"height":128,"thumbnail":{"url":"np://user.desktop.nicepage.com/Site_49606592/images/thumbnails/1797588.png","width":128,"height":128,"length":6158,"type":"png"},"usages":["3113362"]},{"id":"user-image-ba5e68e054daf29c25f17f9cd1824b72142b725967ab4c8e70a7dafd050081afae8f3958d273efe474ab66558d10a793dfa2461cf619e4f9ad33f6_1280.jpg","publicUrl":"np://user.desktop.nicepage.com/Site_49606592/images/ba5e68e054daf29c25f17f9cd1824b72142b725967ab4c8e70a7dafd050081afae8f3958d273efe474ab66558d10a793dfa2461cf619e4f9ad33f6_1280.jpg","size":137493,"hash":"L6Ntkwr3YibtIXiM6mOl1dseEpo=","fileName":"ba5e68e054daf29c25f17f9cd1824b72142b725967ab4c8e70a7dafd050081afae8f3958d273efe474ab66558d10a793dfa2461cf619e4f9ad33f6_1280.jpg","name":"ba5e68e054daf29c25f17f9cd1824b72142b725967ab4c8e70a7dafd050081afae8f3958d273efe474ab66558d10a793dfa2461cf619e4f9ad33f6_1280","width":1280,"height":852,"thumbnail":{"url":"np://user.desktop.nicepage.com/Site_49606592/images/thumbnails/ba5e68e054daf29c25f17f9cd1824b72142b725967ab4c8e70a7dafd050081afae8f3958d273efe474ab66558d10a793dfa2461cf619e4f9ad33f6_1280.jpg","width":250,"height":166},"usages":["3113362"]},{"id":"user-image-sa-min.jpg","publicUrl":"np://user.desktop.nicepage.com/Site_49606592/images/sa-min.jpg","size":137471,"hash":"oMoMyBocUWgizniX1/A6vaEVz2U=","fileName":"sa-min.jpg","name":"sa-min","width":1202,"height":800,"thumbnail":{"url":"np://user.desktop.nicepage.com/Site_49606592/images/thumbnails/sa-min.jpg","width":250,"height":166},"usages":["3113362"]},{"id":"user-image-v.png","publicUrl":"np://user.desktop.nicepage.com/Site_49606592/images/v.png","size":7862,"hash":"mH4oalsLUfHIT3e/G91Ce68BXzs=","fileName":"v.png","name":"v","width":500,"height":375,"thumbnail":{"url":"np://user.desktop.nicepage.com/Site_49606592/images/thumbnails/v.png","width":250,"height":188},"usages":["3113362"]}]